pickup_datetime,dropoff_datetime,pickup_lat,pickup_lng,dropoff_lat,dropoff_lng,trip_distance,passenger_count,hour,day_of_week,is_rush_hour,trip_duration_min,speed_kmh,congestion_index
2026-09-01 09:44:00,2026-09-01 10:05:33,30.888454,75.902371,30.924199,75.867166,5.6,2,9,1,1,21.55,15.591647331786541,1.6102088167053366
2026-09-01 11:05:00,2026-09-01 11:20:01,30.911112,75.878107,30.853058,75.904291,8.19,1,11,1,0,15.016666666666667,32.72364039955605,1.1819089900110988
2026-09-01 09:20:00,2026-09-01 09:32:09,30.881424,75.859776,30.894195,75.836423,3.63,1,9,1,1,12.15,17.925925925925924,1.5518518518518518
2026-09-01 07:06:00,2026-09-01 07:13:22,30.896607,75.885818,30.870967,75.858723,4.81,1,7,1,0,7.366666666666666,39.17647058823529,1.0205882352941178
2026-09-01 08:20:00,2026-09-01 08:49:20,30.857505,75.902189,30.947563,75.88814,10.68,1,8,1,1,29.333333333333332,21.845454545454544,1.4538636363636364
2026-09-01 21:54:00,2026-09-01 22:01:57,30.863204,75.856818,30.854439,75.898232,4.6,1,21,1,0,7.95,34.71698113207547,1.1320754716981134
2026-09-02 03:28:00,2026-09-02 03:41:27,30.905671,75.825785,30.947958,75.884813,8.75,2,3,2,0,13.45,39.033457249070636,1.024163568773234
2026-09-01 12:30:00,2026-09-01 12:32:52,30.859849,75.826898,30.855523,75.839833,2.03,1,12,1,0,2.8666666666666667,42.48837209302325,1.0
2026-09-02 05:41:00,2026-09-02 05:45:38,30.879093,75.86157,30.865092,75.88752,3.22,1,5,2,0,4.633333333333334,41.6978417266187,1.0
2026-09-01 07:46:00,2026-09-01 08:01:18,30.851552,75.888846,30.921686,75.880201,9.03,1,7,1,0,15.3,35.41176470588235,1.1147058823529412
2026-09-01 13:48:00,2026-09-01 14:00:32,30.93731,75.86963,30.88409,75.813656,8.56,1,13,1,0,12.533333333333333,40.97872340425533,1.0
2026-09-01 19:28:00,2026-09-01 19:54:27,30.939721,75.854521,30.862959,75.878624,10.01,1,19,1,1,26.45,22.706994328922498,1.4323251417769376
2026-09-01 21:16:00,2026-09-01 21:27:18,30.903273,75.850054,30.853542,75.818089,6.54,1,21,1,0,11.3,34.725663716814154,1.1318584070796462
2026-09-01 07:50:00,2026-09-01 08:03:40,30.941757,75.832229,30.892038,75.882855,7.83,1,7,1,0,13.666666666666666,34.37560975609756,1.140609756097561
2026-09-01 10:28:00,2026-09-01 10:39:30,30.94397,75.888112,30.91434,75.894446,4.59,1,10,1,1,11.5,23.94782608695652,1.401304347826087
2026-09-01 16:15:00,2026-09-01 16:28:50,30.931744,75.896909,30.8828,75.818305,9.75,2,16,1,0,13.833333333333334,42.28915662650602,1.0
2026-09-01 14:06:00,2026-09-01 14:13:42,30.851695,75.858375,30.892741,75.829511,5.68,1,14,1,0,7.7,44.25974025974026,1.0
2026-09-01 12:02:00,2026-09-01 12:09:15,30.902879,75.877602,30.887363,75.904478,4.54,1,12,1,0,7.25,37.57241379310345,1.0606896551724136
2026-09-01 12:41:00,2026-09-01 12:49:13,30.879484,75.810989,30.911956,75.857568,5.98,1,12,1,0,8.216666666666667,43.66734279918864,1.0
2026-09-02 00:16:00,2026-09-02 00:35:07,30.865489,75.856245,30.949565,75.831506,10.7,1,0,2,0,19.116666666666667,33.58326068003487,1.1604184829991282
2026-09-02 02:02:00,2026-09-02 02:07:52,30.887778,75.870531,30.914353,75.860877,3.41,1,2,2,0,5.866666666666666,34.87500000000001,1.1281249999999998
2026-09-01 11:26:00,2026-09-01 11:40:49,30.855078,75.866389,30.918756,75.808959,9.8,1,11,1,0,14.816666666666666,39.68503937007874,1.0078740157480315
2026-09-01 08:43:00,2026-09-01 08:53:32,30.920094,75.845974,30.944673,75.821052,4.26,2,8,1,1,10.533333333333333,24.265822784810126,1.393354430379747
2026-09-01 11:48:00,2026-09-01 12:01:42,30.876794,75.873298,30.932722,75.86282,7.18,2,11,1,0,13.7,31.445255474452555,1.2138686131386862
2026-09-02 03:31:00,2026-09-02 03:41:59,30.941042,75.87061,30.884903,75.842221,7.94,1,3,2,0,10.983333333333333,43.37481031866464,1.0
2026-09-01 06:13:00,2026-09-01 06:32:47,30.915203,75.815714,30.867163,75.897155,10.4,1,6,1,0,19.783333333333335,31.541701769165964,1.2114574557708508
2026-09-01 11:22:00,2026-09-01 11:35:09,30.851506,75.823381,30.905873,75.87649,8.92,1,11,1,0,13.15,40.69961977186311,1.0
2026-09-01 19:38:00,2026-09-01 19:56:00,30.88354,75.881949,30.915963,75.892222,4.78,1,19,1,1,18.0,15.933333333333335,1.6016666666666666
2026-09-01 21:08:00,2026-09-01 21:21:22,30.87752,75.831699,30.948301,75.84661,9.34,1,21,1,0,13.366666666666667,41.92518703241895,1.0
2026-09-01 06:35:00,2026-09-01 06:43:03,30.90869,75.856552,30.870524,75.879545,5.33,1,6,1,0,8.05,39.72670807453416,1.006832298136646
2026-09-02 04:16:00,2026-09-02 04:25:32,30.945046,75.902693,30.942486,75.844316,5.79,3,4,2,0,9.533333333333333,36.44055944055944,1.088986013986014
2026-09-01 13:36:00,2026-09-01 13:54:22,30.947362,75.892601,30.880445,75.84581,9.97,1,13,1,0,18.366666666666667,32.56987295825772,1.1857531760435571
2026-09-02 05:45:00,2026-09-02 05:59:57,30.944615,75.876903,30.908006,75.817018,8.0,1,5,2,0,14.95,32.10702341137124,1.1973244147157192
2026-09-01 13:02:00,2026-09-01 13:05:50,30.938737,75.881377,30.920702,75.877548,2.7,1,13,1,0,3.8333333333333335,42.26086956521739,1.0
2026-09-01 21:35:00,2026-09-01 21:45:04,30.937707,75.898624,30.902134,75.857452,6.8,1,21,1,0,10.066666666666666,40.52980132450331,1.0
2026-09-01 06:51:00,2026-09-01 07:02:32,30.940001,75.8411,30.888558,75.816698,7.12,1,6,1,0,11.533333333333333,37.040462427745666,1.0739884393063583
2026-09-01 14:38:00,2026-09-01 14:51:38,30.879654,75.866383,30.85405,75.811035,7.26,1,14,1,0,13.633333333333333,31.95110024449878,1.2012224938875304
2026-09-01 18:45:00,2026-09-01 18:51:49,30.927999,75.828882,30.913289,75.815835,2.32,1,18,1,1,6.816666666666666,20.420537897310513,1.4894865525672372
2026-09-01 12:29:00,2026-09-01 12:41:54,30.923609,75.904885,30.90263,75.839596,7.87,1,12,1,0,12.9,36.604651162790695,1.0848837209302327
2026-09-01 10:09:00,2026-09-01 10:45:30,30.853535,75.903565,30.934598,75.876897,10.08,1,10,1,1,36.5,16.569863013698633,1.5857534246575342
2026-09-01 23:42:00,2026-09-01 23:51:01,30.905923,75.87876,30.91702,75.835293,5.76,1,23,1,0,9.016666666666667,38.329020332717185,1.0417744916820704
2026-09-01 08:47:00,2026-09-01 09:06:54,30.89296,75.832073,30.886597,75.883085,5.13,1,8,1,1,19.9,15.467336683417086,1.6133165829145728
2026-09-01 17:21:00,2026-09-01 17:49:40,30.936546,75.877666,30.898417,75.817083,7.99,1,17,1,1,28.666666666666668,16.72325581395349,1.5819186046511629
2026-09-01 21:01:00,2026-09-01 21:11:44,30.89085,75.868885,30.914509,75.81183,6.72,2,21,1,0,10.733333333333333,37.56521739130435,1.0608695652173912
2026-09-01 20:03:00,2026-09-01 20:14:09,30.916869,75.823593,30.858057,75.871542,8.2,1,20,1,0,11.15,44.12556053811658,1.0
2026-09-01 15:15:00,2026-09-01 15:18:33,30.889817,75.871629,30.896825,75.861862,2.64,2,15,1,0,3.55,44.61971830985916,1.0
2026-09-01 22:23:00,2026-09-01 22:25:52,30.870579,75.814236,30.861078,75.809122,1.48,1,22,1,0,2.8666666666666667,30.97674418604651,1.2255813953488373
2026-09-01 22:43:00,2026-09-01 22:47:19,30.935488,75.809627,30.932447,75.835485,2.84,2,22,1,0,4.316666666666666,39.47490347490348,1.013127413127413
2026-09-02 01:21:00,2026-09-02 01:33:00,30.924507,75.887648,30.879203,75.825044,8.98,1,1,2,0,12.0,44.9,1.0
2026-09-01 16:17:00,2026-09-01 16:21:06,30.888202,75.884941,30.88508,75.900376,2.83,1,16,1,0,4.1,41.41463414634147,1.0
2026-09-02 03:29:00,2026-09-02 03:37:36,30.861312,75.897555,30.901525,75.889946,5.14,1,3,2,0,8.6,35.860465116279066,1.1034883720930233
2026-09-01 19:45:00,2026-09-01 20:18:27,30.941538,75.816429,30.882931,75.902306,11.89,1,19,1,1,33.45,21.327354260089688,1.4668161434977578
2026-09-02 00:57:00,2026-09-02 01:10:30,30.880321,75.840166,30.918252,75.882537,7.06,1,0,2,0,13.5,31.377777777777776,1.2155555555555555
2026-09-01 08:48:00,2026-09-01 09:09:54,30.856756,75.862253,30.895153,75.89607,6.0,1,8,1,1,21.9,16.438356164383563,1.5890410958904109
2026-09-02 01:43:00,2026-09-02 01:55:36,30.912822,75.817412,30.859411,75.877397,8.53,1,1,2,0,12.6,40.61904761904762,1.0
2026-09-02 04:44:00,2026-09-02 04:54:38,30.859484,75.905964,30.888427,75.844364,7.95,1,4,2,0,10.633333333333333,44.858934169278996,1.0
2026-09-02 03:45:00,2026-09-02 03:58:26,30.888626,75.81565,30.928715,75.86314,7.1,1,3,2,0,13.433333333333334,31.712158808933,1.207196029776675
2026-09-01 21:34:00,2026-09-01 21:39:25,30.852135,75.854166,30.85663,75.819182,3.72,1,21,1,0,5.416666666666667,41.206153846153846,1.0
2026-09-02 05:07:00,2026-09-02 05:25:35,30.947217,75.844787,30.879571,75.89416,9.35,3,5,2,0,18.583333333333332,30.188340807174892,1.2452914798206276
2026-09-01 19:17:00,2026-09-01 19:30:59,30.855316,75.896414,30.90377,75.906596,5.76,1,19,1,1,13.983333333333333,24.715137067938024,1.3821215733015495
2026-09-02 03:37:00,2026-09-02 03:42:52,30.91394,75.876875,30.896454,75.870056,3.01,1,3,2,0,5.866666666666666,30.78409090909091,1.2303977272727273
2026-09-01 10:30:00,2026-09-01 10:50:14,30.946041,75.896326,30.896566,75.869313,6.63,1,10,1,1,20.233333333333334,19.660626029654033,1.5084843492586493
2026-09-01 18:51:00,2026-09-01 19:26:45,30.909366,75.815073,30.948439,75.905921,10.79,1,18,1,1,35.75,18.10909090909091,1.5472727272727274
2026-09-01 23:25:00,2026-09-01 23:37:33,30.919473,75.823562,30.942093,75.889554,8.2,1,23,1,0,12.55,39.20318725099601,1.0199203187250998
2026-09-02 01:27:00,2026-09-02 01:44:54,30.944273,75.893906,30.855522,75.809937,13.38,1,1,2,0,17.9,44.84916201117319,1.0
2026-09-01 17:14:00,2026-09-01 17:37:01,30.910413,75.845389,30.947991,75.891512,7.35,1,17,1,1,23.016666666666666,19.160028964518467,1.5209992758870383
2026-09-01 19:19:00,2026-09-01 19:45:25,30.856638,75.893772,30.93229,75.907272,9.99,3,19,1,1,26.416666666666668,22.69022082018927,1.4327444794952682
2026-09-01 20:32:00,2026-09-01 20:42:47,30.935965,75.832035,30.896054,75.820216,6.01,1,20,1,0,10.783333333333333,33.44049459041731,1.1639876352395673
2026-09-02 00:32:00,2026-09-02 00:43:27,30.912813,75.843116,30.862356,75.874457,7.22,2,0,2,0,11.45,37.83406113537118,1.0541484716157206
2026-09-01 06:41:00,2026-09-01 06:47:12,30.906191,75.863394,30.938665,75.847648,4.28,1,6,1,0,6.2,41.41935483870968,1.0
2026-09-01 20:09:00,2026-09-01 20:21:05,30.921408,75.828596,30.864637,75.808754,7.23,1,20,1,0,12.083333333333334,35.900689655172414,1.1024827586206896
2026-09-01 20:55:00,2026-09-01 21:04:22,30.941416,75.842126,30.902399,75.885665,6.71,3,20,1,0,9.366666666666667,42.98220640569395,1.0
2026-09-02 05:31:00,2026-09-02 05:44:12,30.865707,75.899959,30.900212,75.833124,8.23,1,5,2,0,13.2,37.409090909090914,1.0647727272727272
2026-09-01 09:38:00,2026-09-01 10:02:19,30.91434,75.831315,30.858586,75.820188,6.65,1,9,1,1,24.316666666666666,16.40849897189856,1.589787525702536
2026-09-01 10:08:00,2026-09-01 10:40:15,30.869188,75.841867,30.940679,75.854696,9.1,1,10,1,1,32.25,16.930232558139537,1.5767441860465117
2026-09-01 17:03:00,2026-09-01 17:10:37,30.867894,75.835159,30.868701,75.81617,2.17,1,17,1,1,7.616666666666666,17.094091903719914,1.5726477024070022
2026-09-01 07:57:00,2026-09-01 08:05:43,30.901342,75.876339,30.854931,75.887241,6.27,2,7,1,0,8.716666666666667,43.158699808795404,1.0
2026-09-01 11:01:00,2026-09-01 11:17:37,30.857108,75.834988,30.93162,75.882126,9.85,1,11,1,0,16.616666666666667,35.5667001003009,1.1108324974924775
2026-09-01 12:03:00,2026-09-01 12:09:15,30.912825,75.844191,30.897253,75.882047,4.25,2,12,1,0,6.25,40.8,1.0
2026-09-01 11:49:00,2026-09-01 11:58:36,30.902168,75.860511,30.861717,75.852041,5.45,1,11,1,0,9.6,34.0625,1.1484375
2026-09-02 03:22:00,2026-09-02 03:25:49,30.853007,75.839508,30.872145,75.84005,2.48,1,3,2,0,3.816666666666667,38.98689956331877,1.0253275109170308
2026-09-01 23:53:00,2026-09-02 00:07:25,30.929917,75.857144,30.859692,75.861011,8.77,1,23,1,0,14.416666666666666,36.49942196531792,1.087514450867052
2026-09-02 05:40:00,2026-09-02 05:47:53,30.879378,75.843608,30.915592,75.864378,5.14,1,5,2,0,7.883333333333334,39.120507399577164,1.021987315010571
2026-09-01 12:50:00,2026-09-01 12:53:45,30.861178,75.822586,30.875596,75.823368,2.04,2,12,1,0,3.75,32.64,1.184
2026-09-01 15:32:00,2026-09-01 15:40:08,30.859023,75.859751,30.89204,75.905538,6.04,2,15,1,0,8.133333333333333,44.55737704918033,1.0
2026-09-01 19:21:00,2026-09-01 19:48:44,30.932707,75.83309,30.868089,75.874164,9.58,1,19,1,1,27.733333333333334,20.725961538461537,1.4818509615384616
2026-09-01 11:49:00,2026-09-01 12:00:55,30.927949,75.826004,30.883368,75.849844,6.3,1,11,1,0,11.916666666666666,31.72027972027972,1.206993006993007
2026-09-01 07:14:00,2026-09-01 07:18:33,30.879863,75.865424,30.866436,75.855414,2.66,1,7,1,0,4.55,35.07692307692308,1.123076923076923
2026-09-01 22:21:00,2026-09-01 22:26:37,30.857337,75.906296,30.883235,75.888287,3.88,1,22,1,0,5.616666666666666,41.448071216617215,1.0
2026-09-02 05:09:00,2026-09-02 05:21:02,30.898158,75.848484,30.885887,75.900253,6.4,1,5,2,0,12.033333333333333,31.911357340720226,1.2022160664819943
2026-09-02 02:12:00,2026-09-02 02:34:25,30.944834,75.825423,30.85765,75.881412,12.0,1,2,2,0,22.416666666666668,32.11895910780669,1.1970260223048328
2026-09-01 18:33:00,2026-09-01 18:56:29,30.871163,75.823666,30.867427,75.888757,7.28,2,18,1,1,23.483333333333334,18.60042583392477,1.5349893541518806
2026-09-01 13:13:00,2026-09-01 13:20:18,30.890245,75.88896,30.894913,75.844994,5.02,1,13,1,0,7.3,41.26027397260274,1.0
2026-09-01 20:58:00,2026-09-01 21:07:45,30.874221,75.897257,30.889389,75.861655,5.16,3,20,1,0,9.75,31.753846153846155,1.2061538461538461
2026-09-01 18:48:00,2026-09-01 19:07:58,30.913771,75.840791,30.864927,75.886703,7.97,1,18,1,1,19.966666666666665,23.949916527545913,1.4012520868113523
2026-09-01 19:40:00,2026-09-01 19:51:55,30.866167,75.838472,30.875849,75.881695,4.5,2,19,1,1,11.916666666666666,22.65734265734266,1.4335664335664335
2026-09-01 15:32:00,2026-09-01 15:36:12,30.885208,75.889426,30.862063,75.891945,2.95,1,15,1,0,4.2,42.14285714285714,1.0
2026-09-01 19:01:00,2026-09-01 19:23:37,30.873925,75.879525,30.923004,75.871415,6.6,1,19,1,1,22.616666666666667,17.50921149594694,1.5622697126013265
2026-09-02 04:44:00,2026-09-02 04:57:42,30.86916,75.898145,30.909339,75.847385,7.38,1,4,2,0,13.7,32.32116788321168,1.191970802919708
2026-09-01 19:33:00,2026-09-01 19:53:07,30.901589,75.868445,30.852811,75.894512,7.37,2,19,1,1,20.116666666666667,21.981772990886494,1.4504556752278377
2026-09-01 23:40:00,2026-09-01 23:47:14,30.921724,75.822554,30.908629,75.867972,5.31,2,23,1,0,7.233333333333333,44.046082949308754,1.0
2026-09-02 04:06:00,2026-09-02 04:19:11,30.896084,75.818624,30.949484,75.89119,9.47,1,4,2,0,13.183333333333334,43.09987357774968,1.0
2026-09-01 06:06:00,2026-09-01 06:18:23,30.910128,75.8472,30.856476,75.84082,7.23,1,6,1,0,12.383333333333333,35.03095558546434,1.1242261103633915
2026-09-01 16:51:00,2026-09-01 17:03:36,30.90474,75.899286,30.885635,75.841995,7.01,1,16,1,0,12.6,33.38095238095238,1.1654761904761906
2026-09-01 14:41:00,2026-09-01 14:50:16,30.865086,75.824939,30.900837,75.849193,5.98,1,14,1,0,9.266666666666667,38.719424460431654,1.0320143884892086
2026-09-01 15:57:00,2026-09-01 16:04:13,30.852309,75.873654,30.868804,75.903407,3.77,4,15,1,0,7.216666666666667,31.344110854503466,1.2163972286374134
2026-09-02 03:33:00,2026-09-02 03:43:01,30.90122,75.866839,30.857708,75.882296,5.52,1,3,2,0,10.016666666666667,33.064891846921796,1.173377703826955
2026-09-01 16:52:00,2026-09-01 17:05:02,30.854655,75.854507,30.907484,75.813871,8.23,1,16,1,0,13.033333333333333,37.887468030690535,1.0528132992327366
2026-09-02 04:42:00,2026-09-02 04:51:49,30.891076,75.863264,30.866524,75.825493,5.83,1,4,2,0,9.816666666666666,35.6332767402377,1.1091680814940577
2026-09-01 21:48:00,2026-09-01 22:04:35,30.9154,75.848173,30.853539,75.822915,8.41,1,21,1,0,16.583333333333332,30.42814070351759,1.2392964824120603
2026-09-01 10:17:00,2026-09-01 10:36:53,30.874107,75.874489,30.852971,75.817711,7.13,1,10,1,1,19.883333333333333,21.515507124895223,1.4621123218776195
2026-09-01 15:31:00,2026-09-01 15:46:28,30.860944,75.831617,30.923227,75.89287,10.33,1,15,1,0,15.466666666666667,40.07327586206897,1.0
2026-09-01 06:38:00,2026-09-01 06:54:07,30.880315,75.896934,30.8523,75.815851,8.8,1,6,1,0,16.116666666666667,32.761116856256464,1.1809720785935884
2026-09-01 15:06:00,2026-09-01 15:17:23,30.893142,75.896567,30.932744,75.841482,7.38,1,15,1,0,11.383333333333333,38.89897510980967,1.0275256222547582
2026-09-02 04:45:00,2026-09-02 04:47:03,30.913415,75.848241,30.906205,75.850913,1.42,1,4,2,0,2.05,41.5609756097561,1.0
2026-09-01 06:32:00,2026-09-01 06:38:35,30.937847,75.856043,30.940455,75.887286,3.74,1,6,1,0,6.583333333333333,34.08607594936709,1.1478481012658226
2026-09-01 18:36:00,2026-09-01 19:09:10,30.914348,75.833089,30.864936,75.890793,9.24,1,18,1,1,33.166666666666664,16.71557788944724,1.582110552763819
2026-09-01 19:18:00,2026-09-01 19:29:02,30.852839,75.89873,30.862775,75.864952,3.96,1,19,1,1,11.033333333333333,21.53474320241692,1.461631419939577
2026-09-01 20:20:00,2026-09-01 20:35:07,30.871642,75.8084,30.864689,75.897302,9.84,1,20,1,0,15.116666666666667,39.05622932745314,1.0235942668136715
2026-09-01 07:07:00,2026-09-01 07:19:12,30.868537,75.898741,30.892877,75.845614,6.61,1,7,1,0,12.2,32.50819672131148,1.187295081967213
2026-09-01 14:32:00,2026-09-01 14:36:50,30.85928,75.867615,30.875535,75.84623,3.3,1,14,1,0,4.833333333333333,40.96551724137931,1.0
2026-09-01 11:09:00,2026-09-01 11:20:10,30.90764,75.854905,30.917367,75.900983,5.67,1,11,1,0,11.166666666666666,30.465671641791047,1.2383582089552239
2026-09-02 00:30:00,2026-09-02 00:41:17,30.910508,75.812443,30.900637,75.866984,5.94,1,0,2,0,11.283333333333333,31.586410635155097,1.2103397341211226
2026-09-02 01:39:00,2026-09-02 01:40:46,30.923819,75.856849,30.91984,75.850783,1.25,1,1,2,0,1.7666666666666666,42.45283018867925,1.0
2026-09-01 09:17:00,2026-09-01 09:32:17,30.878215,75.866323,30.887097,75.816458,6.24,1,9,1,1,15.283333333333333,24.497273718647765,1.3875681570338059
2026-09-01 21:48:00,2026-09-01 22:01:30,30.869513,75.86149,30.938295,75.880522,9.1,1,21,1,0,13.5,40.44444444444444,1.0
2026-09-01 06:56:00,2026-09-01 07:05:08,30.875967,75.856242,30.873121,75.906067,6.18,2,6,1,0,9.133333333333333,40.5985401459854,1.0
2026-09-01 13:08:00,2026-09-01 13:22:39,30.869058,75.864095,30.942549,75.810695,10.72,3,13,1,0,14.65,43.90443686006826,1.0
2026-09-02 01:53:00,2026-09-02 02:01:21,30.945427,75.854721,30.937204,75.891755,4.26,1,1,2,0,8.35,30.610778443113773,1.2347305389221557
2026-09-01 23:23:00,2026-09-01 23:35:21,30.874001,75.819357,30.858695,75.876929,6.38,1,23,1,0,12.35,30.995951417004047,1.2251012145748987
2026-09-01 20:46:00,2026-09-01 20:53:38,30.904949,75.886372,30.882875,75.869889,4.26,1,20,1,0,7.633333333333334,33.484716157205234,1.1628820960698691
2026-09-02 01:10:00,2026-09-02 01:18:20,30.93801,75.809427,30.93847,75.860194,6.26,1,1,2,0,8.333333333333334,45.071999999999996,1.0
2026-09-02 05:37:00,2026-09-02 05:44:29,30.927719,75.847493,30.898988,75.870051,5.18,1,5,2,0,7.483333333333333,41.53229398663697,1.0
2026-09-01 12:53:00,2026-09-01 13:05:08,30.893136,75.881058,30.874878,75.818347,6.97,1,12,1,0,12.133333333333333,34.467032967032964,1.138324175824176
2026-09-01 22:18:00,2026-09-01 22:39:27,30.855209,75.809087,30.949772,75.850077,11.9,3,22,1,0,21.45,33.28671328671329,1.167832167832168
2026-09-01 17:13:00,2026-09-01 17:41:21,30.929635,75.816241,30.892758,75.895212,9.99,1,17,1,1,28.35,21.142857142857142,1.4714285714285715
2026-09-01 18:18:00,2026-09-01 18:35:21,30.950117,75.830467,30.945273,75.872265,5.01,1,18,1,1,17.35,17.32564841498559,1.5668587896253603
2026-09-02 05:15:00,2026-09-02 05:24:15,30.873049,75.825944,30.928958,75.842313,6.67,2,5,2,0,9.25,43.26486486486486,1.0
2026-09-01 09:41:00,2026-09-01 10:06:19,30.950491,75.82469,30.890624,75.883124,9.77,1,9,1,1,25.316666666666666,23.154707044107965,1.4211323238973008
2026-09-02 03:03:00,2026-09-02 03:10:49,30.873382,75.860997,30.910294,75.865309,4.44,1,3,2,0,7.816666666666666,34.08102345415779,1.1479744136460552
2026-09-01 19:13:00,2026-09-01 19:22:21,30.939875,75.902865,30.937213,75.888252,2.47,1,19,1,1,9.35,15.850267379679147,1.6037433155080214
2026-09-01 11:17:00,2026-09-01 11:24:09,30.888269,75.833275,30.923342,75.856888,4.8,1,11,1,0,7.15,40.27972027972028,1.0
2026-09-01 14:20:00,2026-09-01 14:28:11,30.936121,75.856815,30.899059,75.866541,5.49,1,14,1,0,8.183333333333334,40.25254582484725,1.0
2026-09-02 02:48:00,2026-09-02 02:59:09,30.877703,75.895163,30.930743,75.873145,7.56,1,2,2,0,11.15,40.68161434977578,1.0
2026-09-02 03:08:00,2026-09-02 03:10:07,30.920747,75.875314,30.912861,75.882572,1.52,1,3,2,0,2.1166666666666667,43.08661417322835,1.0
2026-09-02 01:37:00,2026-09-02 01:48:52,30.933582,75.820187,30.884512,75.881651,8.41,1,1,2,0,11.866666666666667,42.52247191011236,1.0
2026-09-01 12:14:00,2026-09-01 12:29:55,30.851639,75.836004,30.912693,75.905419,10.49,1,12,1,0,15.916666666666666,39.5434554973822,1.0114136125654452
2026-09-01 14:12:00,2026-09-01 14:20:29,30.928985,75.817998,30.927103,75.861427,5.59,3,14,1,0,8.483333333333333,39.53634577603144,1.011591355599214
2026-09-01 22:59:00,2026-09-01 23:20:30,30.861251,75.901023,30.919789,75.814084,11.12,1,22,1,0,21.5,31.03255813953488,1.2241860465116279
2026-09-02 05:15:00,2026-09-02 05:23:05,30.885588,75.869392,30.855574,75.894454,5.56,1,5,2,0,8.083333333333334,41.27010309278349,1.0
2026-09-02 00:29:00,2026-09-02 00:43:08,30.926826,75.809759,30.853212,75.839661,9.49,1,0,2,0,14.133333333333333,40.28773584905661,1.0
2026-09-02 01:04:00,2026-09-02 01:12:43,30.878363,75.907012,30.893618,75.852439,5.88,1,1,2,0,8.716666666666667,40.47418738049713,1.0
2026-09-01 09:37:00,2026-09-01 10:04:33,30.859238,75.87535,30.916451,75.834626,8.88,3,9,1,1,27.55,19.339382940108894,1.5165154264972776
2026-09-01 15:49:00,2026-09-01 15:55:51,30.892973,75.871153,30.890759,75.834722,4.96,1,15,1,0,6.85,43.44525547445255,1.0
2026-09-01 17:21:00,2026-09-01 17:38:23,30.87231,75.810413,30.916167,75.844153,7.16,1,17,1,1,17.383333333333333,24.71332694151486,1.3821668264621285
2026-09-01 21:01:00,2026-09-01 21:05:36,30.937862,75.88496,30.928092,75.891778,2.45,1,21,1,0,4.6,31.95652173913044,1.201086956521739
2026-09-01 09:00:00,2026-09-01 09:06:08,30.943085,75.868965,30.930654,75.855452,2.24,1,9,1,1,6.133333333333334,21.91304347826087,1.4521739130434783
2026-09-02 01:08:00,2026-09-02 01:11:57,30.871052,75.856459,30.857421,75.865497,2.29,1,1,2,0,3.95,34.78481012658227,1.1303797468354433
2026-09-01 12:59:00,2026-09-01 13:08:58,30.852162,75.814545,30.890249,75.855294,6.72,2,12,1,0,9.966666666666667,40.454849498327754,1.0
2026-09-02 05:40:00,2026-09-02 05:47:16,30.928985,75.811262,30.899051,75.817793,3.9,1,5,2,0,7.266666666666667,32.20183486238532,1.194954128440367
2026-09-01 18:25:00,2026-09-01 18:52:24,30.912816,75.877546,30.906965,75.808277,7.25,1,18,1,1,27.4,15.875912408759124,1.6031021897810218
2026-09-01 22:32:00,2026-09-01 22:39:09,30.85432,75.815158,30.890692,75.820572,5.01,1,22,1,0,7.15,42.04195804195804,1.0
2026-09-02 04:28:00,2026-09-02 04:43:33,30.867748,75.817757,30.914643,75.877948,7.98,1,4,2,0,15.55,30.79099678456592,1.230225080385852
2026-09-02 01:33:00,2026-09-02 01:35:30,30.921906,75.894397,30.922409,75.887473,1.3,2,1,2,0,2.5,31.200000000000003,1.22
2026-09-01 23:33:00,2026-09-01 23:38:28,30.905759,75.88903,30.896232,75.871658,2.85,1,23,1,0,5.466666666666667,31.28048780487805,1.2179878048780488
2026-09-01 14:05:00,2026-09-01 14:20:26,30.87571,75.823254,30.938178,75.829221,8.43,1,14,1,0,15.433333333333334,32.77321814254859,1.180669546436285
2026-09-02 05:54:00,2026-09-02 05:57:53,30.916871,75.85712,30.906536,75.87922,2.89,1,5,2,0,3.8833333333333333,44.65236051502146,1.0
2026-09-01 17:06:00,2026-09-01 17:23:26,30.870954,75.875323,30.85822,75.810365,6.88,1,17,1,1,17.433333333333334,23.678776290630974,1.4080305927342256
2026-09-01 06:57:00,2026-09-01 07:05:15,30.925271,75.849849,30.885593,75.844404,5.92,1,6,1,0,8.25,43.05454545454545,1.0
2026-09-01 16:07:00,2026-09-01 16:12:03,30.894862,75.879826,30.899667,75.894642,2.88,1,16,1,0,5.05,34.21782178217822,1.1445544554455445
2026-09-01 09:09:00,2026-09-01 09:26:01,30.942236,75.828366,30.913297,75.870456,6.29,2,9,1,1,17.016666666666666,22.178256611165526,1.4455435847208618
2026-09-01 17:48:00,2026-09-01 18:22:44,30.868968,75.831054,30.94814,75.825398,10.12,2,17,1,1,34.733333333333334,17.48176583493282,1.5629558541266795
2026-09-01 15:23:00,2026-09-01 15:25:11,30.895531,75.858782,30.886923,75.866595,1.62,1,15,1,0,2.183333333333333,44.519083969465655,1.0
2026-09-01 16:53:00,2026-09-01 16:59:39,30.916674,75.839819,30.928347,75.820387,3.72,1,16,1,0,6.65,33.56390977443609,1.1609022556390978
2026-09-01 11:58:00,2026-09-01 12:04:28,30.867976,75.859277,30.8847,75.890188,4.24,1,11,1,0,6.466666666666667,39.34020618556701,1.0164948453608247
2026-09-01 17:23:00,2026-09-01 17:40:04,30.867704,75.824062,30.854667,75.88094,6.67,1,17,1,1,17.066666666666666,23.44921875,1.41376953125
2026-09-01 07:22:00,2026-09-01 07:36:03,30.909535,75.894127,30.871584,75.818492,8.9,3,7,1,0,14.05,38.00711743772242,1.0498220640569396
2026-09-01 18:10:00,2026-09-01 18:47:21,30.854934,75.819511,30.89622,75.900688,9.6,1,18,1,1,37.35,15.42168674698795,1.6144578313253013
2026-09-02 02:49:00,2026-09-02 03:08:26,30.949663,75.903812,30.851494,75.902481,11.93,1,2,2,0,19.433333333333334,36.8336192109777,1.0791595197255575
2026-09-01 22:54:00,2026-09-01 23:08:10,30.899885,75.873986,30.864965,75.810297,7.8,1,22,1,0,14.166666666666666,33.03529411764706,1.1741176470588235
2026-09-01 10:15:00,2026-09-01 10:31:28,30.947991,75.81669,30.91826,75.851675,6.02,1,10,1,1,16.466666666666665,21.935222672064775,1.4516194331983807
2026-09-01 19:41:00,2026-09-01 20:05:50,30.945461,75.875625,30.900717,75.869085,6.34,3,19,1,1,24.833333333333332,15.318120805369128,1.6170469798657718
2026-09-01 21:37:00,2026-09-01 21:48:20,30.919953,75.874951,30.872568,75.873189,5.97,1,21,1,0,11.333333333333334,31.605882352941173,1.2098529411764707
2026-09-02 00:46:00,2026-09-02 00:53:24,30.950941,75.812121,30.948717,75.847991,4.76,1,0,2,0,7.4,38.59459459459459,1.0351351351351352
2026-09-02 00:17:00,2026-09-02 00:28:14,30.938852,75.847714,30.883703,75.874059,7.87,1,0,2,0,11.233333333333333,42.03560830860535,1.0
2026-09-01 14:47:00,2026-09-01 14:53:25,30.932783,75.819321,30.905449,75.807876,3.85,1,14,1,0,6.416666666666667,36.0,1.1
2026-09-01 07:45:00,2026-09-01 07:48:33,30.889856,75.852169,30.874754,75.844625,2.32,1,7,1,0,3.55,39.2112676056338,1.019718309859155
2026-09-01 17:30:00,2026-09-01 17:51:42,30.912949,75.853649,30.888979,75.893633,5.52,1,17,1,1,21.7,15.262672811059907,1.6184331797235023
2026-09-02 00:21:00,2026-09-02 00:26:03,30.88902,75.847182,30.909017,75.86066,3.55,1,0,2,0,5.05,42.17821782178218,1.0
2026-09-02 03:33:00,2026-09-02 03:49:53,30.946552,75.809123,30.870578,75.808056,9.48,2,3,2,0,16.883333333333333,33.69002961500494,1.1577492596248766
2026-09-01 12:09:00,2026-09-01 12:25:27,30.857027,75.900744,30.886162,75.817442,9.4,1,12,1,0,16.45,34.285714285714285,1.1428571428571428
2026-09-01 12:32:00,2026-09-01 12:42:59,30.931303,75.861216,30.882131,75.868333,6.63,1,12,1,0,10.983333333333333,36.2185128983308,1.09453717754173
2026-09-01 08:33:00,2026-09-01 08:40:34,30.869115,75.875412,30.869144,75.859816,2.61,1,8,1,1,7.566666666666666,20.696035242290748,1.4825991189427312
2026-09-01 21:11:00,2026-09-01 21:13:51,30.947293,75.855655,30.931599,75.862323,2.11,1,21,1,0,2.85,44.421052631578945,1.0
2026-09-01 15:51:00,2026-09-01 16:05:18,30.932919,75.895721,30.873808,75.828504,10.16,2,15,1,0,14.3,42.62937062937063,1.0
2026-09-01 16:10:00,2026-09-01 16:19:01,30.886342,75.830987,30.929053,75.834781,6.02,1,16,1,0,9.016666666666667,40.05914972273567,1.0
2026-09-02 02:42:00,2026-09-02 02:49:01,30.913386,75.852477,30.909661,75.824101,3.89,1,2,2,0,7.016666666666667,33.263657957244654,1.1684085510688837
2026-09-01 15:22:00,2026-09-01 15:32:51,30.853364,75.871497,30.911709,75.86197,7.04,1,15,1,0,10.85,38.93087557603687,1.0267281105990782
2026-09-01 23:13:00,2026-09-01 23:20:15,30.949779,75.820944,30.920514,75.847732,4.89,4,23,1,0,7.25,40.46896551724138,1.0
2026-09-01 07:54:00,2026-09-01 08:10:25,30.863839,75.817711,30.923434,75.865139,8.57,2,7,1,0,16.416666666666668,31.32182741116751,1.2169543147208122
2026-09-01 18:27:00,2026-09-01 18:29:59,30.870187,75.839637,30.873666,75.8428,0.78,1,18,1,1,2.9833333333333334,15.687150837988828,1.6078212290502794
2026-09-01 13:47:00,2026-09-01 14:00:57,30.874371,75.861301,30.939008,75.872388,8.14,1,13,1,0,13.95,35.01075268817205,1.1247311827956987
2026-09-01 07:26:00,2026-09-01 07:34:53,30.950414,75.873484,30.906778,75.880365,5.69,3,7,1,0,8.883333333333333,38.431519699812384,1.0392120075046904
2026-09-01 16:48:00,2026-09-01 16:50:38,30.86853,75.8763,30.871093,75.860883,1.82,1,16,1,0,2.6333333333333333,41.46835443037975,1.0
2026-09-01 09:39:00,2026-09-01 09:55:22,30.917491,75.886845,30.943718,75.830764,6.8,2,9,1,1,16.366666666666667,24.928716904276985,1.3767820773930755
2026-09-02 00:07:00,2026-09-02 00:11:31,30.904996,75.891503,30.903096,75.869659,2.41,1,0,2,0,4.516666666666667,32.01476014760148,1.199630996309963
2026-09-01 14:38:00,2026-09-01 14:56:32,30.929203,75.878174,30.854616,75.837613,9.68,3,14,1,0,18.533333333333335,31.33812949640287,1.2165467625899282
2026-09-01 18:22:00,2026-09-01 18:29:53,30.90638,75.837852,30.890698,75.85202,3.18,1,18,1,1,7.883333333333334,24.20295983086681,1.3949260042283298
2026-09-02 01:37:00,2026-09-02 01:52:15,30.950216,75.892442,30.871851,75.90036,9.08,2,1,2,0,15.25,35.72459016393443,1.1068852459016392
2026-09-01 15:40:00,2026-09-01 15:49:29,30.937806,75.887893,30.930003,75.837768,5.16,1,15,1,0,9.483333333333333,32.646748681898075,1.1838312829525481
2026-09-02 02:41:00,2026-09-02 02:46:24,30.88561,75.904861,30.915097,75.889548,3.96,1,2,2,0,5.4,43.99999999999999,1.0
2026-09-01 09:30:00,2026-09-01 09:49:39,30.911625,75.883781,30.868484,75.857557,6.12,1,9,1,1,19.65,18.687022900763363,1.532824427480916
2026-09-01 16:22:00,2026-09-01 16:43:46,30.853581,75.820817,30.947312,75.862253,12.58,1,16,1,0,21.766666666666666,34.676875957120984,1.1330781010719755
2026-09-01 21:36:00,2026-09-01 21:42:27,30.894951,75.817866,30.915083,75.828904,3.47,1,21,1,0,6.45,32.27906976744186,1.1930232558139535
2026-09-01 22:40:00,2026-09-01 22:53:06,30.929076,75.85328,30.856816,75.906787,9.78,1,22,1,0,13.1,44.79389312977099,1.0
2026-09-01 07:29:00,2026-09-01 07:33:37,30.865225,75.819438,30.881328,75.817405,2.9,4,7,1,0,4.616666666666666,37.68953068592058,1.0577617328519855
2026-09-01 16:13:00,2026-09-01 16:25:14,30.932397,75.868822,30.881625,75.86969,6.52,2,16,1,0,12.233333333333333,31.978201634877387,1.2005449591280652
2026-09-01 23:36:00,2026-09-01 23:41:08,30.895978,75.826762,30.887776,75.848713,3.56,1,23,1,0,5.133333333333334,41.6103896103896,1.0
2026-09-01 09:17:00,2026-09-01 09:34:54,30.892615,75.855434,30.852919,75.833281,6.07,1,9,1,1,17.9,20.346368715083802,1.491340782122905
2026-09-01 17:42:00,2026-09-01 18:31:57,30.852212,75.83142,30.948587,75.887454,13.4,1,17,1,1,49.95,16.096096096096097,1.5975975975975976
2026-09-01 13:47:00,2026-09-01 13:55:11,30.896438,75.891736,30.860808,75.856124,5.61,1,13,1,0,8.183333333333334,41.13238289205703,1.0
2026-09-02 04:55:00,2026-09-02 05:02:27,30.888589,75.846748,30.896945,75.885802,5.19,1,4,2,0,7.45,41.79865771812081,1.0
2026-09-02 03:38:00,2026-09-02 03:48:24,30.919813,75.85106,30.876467,75.891387,6.41,1,3,2,0,10.4,36.98076923076923,1.075480769230769
2026-09-01 18:26:00,2026-09-01 18:36:49,30.916935,75.896812,30.914667,75.868693,2.98,1,18,1,1,10.816666666666666,16.530046224961477,1.586748844375963
2026-09-01 07:43:00,2026-09-01 08:00:04,30.902222,75.875323,30.855167,75.815779,8.84,1,7,1,0,17.066666666666666,31.078125,1.223046875
2026-09-02 00:35:00,2026-09-02 00:47:51,30.94665,75.881051,30.886325,75.836954,8.56,1,0,2,0,12.85,39.96887159533074,1.0007782101167315
2026-09-01 06:30:00,2026-09-01 06:47:02,30.868411,75.81714,30.91703,75.883737,8.87,3,6,1,0,17.033333333333335,31.24461839530332,1.218884540117417
2026-09-01 08:54:00,2026-09-01 09:10:03,30.880544,75.884222,30.913466,75.845494,5.66,1,8,1,1,16.05,21.158878504672895,1.4710280373831777
2026-09-01 13:01:00,2026-09-01 13:13:14,30.91539,75.86033,30.855195,75.904149,9.12,1,13,1,0,12.233333333333333,44.73024523160763,1.0
2026-09-01 14:07:00,2026-09-01 14:11:10,30.909242,75.882107,30.932177,75.872948,3.06,1,14,1,0,4.166666666666667,44.064,1.0
2026-09-01 11:46:00,2026-09-01 11:52:13,30.888217,75.850508,30.89494,75.868594,3.3,1,11,1,0,6.216666666666667,31.849865951742625,1.2037533512064345
2026-09-02 02:18:00,2026-09-02 02:29:12,30.939692,75.871881,30.879591,75.888895,8.19,1,2,2,0,11.2,43.875,1.0
2026-09-01 21:44:00,2026-09-01 21:51:14,30.926504,75.853354,30.9352,75.880149,3.94,1,21,1,0,7.233333333333333,32.68202764976959,1.1829493087557603
2026-09-01 23:25:00,2026-09-01 23:43:40,30.949467,75.901039,30.855317,75.823781,13.15,1,23,1,0,18.666666666666668,42.267857142857146,1.0
2026-09-01 18:12:00,2026-09-01 18:27:54,30.901585,75.89137,30.92428,75.861524,4.77,1,18,1,1,15.9,17.999999999999996,1.55
2026-09-01 17:04:00,2026-09-01 17:10:27,30.919889,75.894632,30.914629,75.883412,1.63,1,17,1,1,6.45,15.162790697674417,1.6209302325581396
2026-09-01 10:53:00,2026-09-01 11:22:44,30.923646,75.906481,30.860918,75.847449,10.19,1,10,1,1,29.733333333333334,20.562780269058294,1.4859304932735427
2026-09-01 06:07:00,2026-09-01 06:17:33,30.912599,75.826102,30.886538,75.885679,7.29,1,6,1,0,10.55,41.459715639810426,1.0
2026-09-01 09:34:00,2026-09-01 09:45:29,30.925573,75.827548,30.946807,75.844094,3.46,2,9,1,1,11.483333333333333,18.078374455732945,1.5480406386066763
2026-09-01 20:13:00,2026-09-01 20:26:53,30.950633,75.844131,30.895861,75.879507,8.3,1,20,1,0,13.883333333333333,35.870348139255704,1.1032412965186074
2026-09-01 08:13:00,2026-09-01 08:26:28,30.920562,75.807622,30.912959,75.842849,4.69,1,8,1,1,13.466666666666667,20.896039603960396,1.4775990099009901
2026-09-01 20:29:00,2026-09-01 20:37:31,30.915233,75.813785,30.908998,75.863448,5.71,1,20,1,0,8.516666666666667,40.22700587084148,1.0
2026-09-01 14:01:00,2026-09-01 14:12:15,30.877982,75.889805,30.900826,75.815006,7.84,1,14,1,0,11.25,41.81333333333333,1.0
2026-09-01 16:24:00,2026-09-01 16:35:13,30.929861,75.859027,30.89502,75.822045,5.86,1,16,1,0,11.216666666666667,31.34621099554235,1.2163447251114412
2026-09-01 16:06:00,2026-09-01 16:14:53,30.910823,75.880866,30.950835,75.900611,5.86,1,16,1,0,8.883333333333333,39.5797373358349,1.0105065666041275
2026-09-01 20:06:00,2026-09-01 20:22:23,30.862834,75.84829,30.93498,75.845683,8.96,1,20,1,0,16.383333333333333,32.81383519837233,1.1796541200406918
2026-09-01 18:26:00,2026-09-01 18:55:54,30.884451,75.80992,30.853419,75.89047,8.96,3,18,1,1,29.9,17.979933110367895,1.5505016722408027
2026-09-02 01:15:00,2026-09-02 01:28:30,30.87693,75.850266,30.938273,75.891493,8.3,1,1,2,0,13.5,36.88888888888889,1.0777777777777777
2026-09-01 23:30:00,2026-09-01 23:42:14,30.864348,75.81536,30.923794,75.856946,8.46,1,23,1,0,12.233333333333333,41.49318801089919,1.0
2026-09-01 07:39:00,2026-09-01 07:51:56,30.912023,75.820835,30.926138,75.872996,6.65,1,7,1,0,12.933333333333334,30.850515463917528,1.2287371134020617
2026-09-02 00:13:00,2026-09-02 00:25:35,30.877171,75.831998,30.941625,75.832255,7.71,1,0,2,0,12.583333333333334,36.76291390728477,1.0809271523178807
2026-09-01 09:20:00,2026-09-01 09:36:03,30.857537,75.856057,30.854361,75.813565,5.44,1,9,1,1,16.05,20.33644859813084,1.491588785046729
2026-09-01 19:26:00,2026-09-01 19:40:03,30.885734,75.897283,30.853182,75.873679,5.71,1,19,1,1,14.05,24.384341637010674,1.390391459074733
2026-09-01 21:42:00,2026-09-01 21:56:58,30.892879,75.833316,30.924082,75.90543,8.23,1,21,1,0,14.966666666666667,32.99331848552339,1.1751670378619152
2026-09-01 09:37:00,2026-09-01 09:59:34,30.897393,75.904501,30.911853,75.842251,6.49,1,9,1,1,22.566666666666666,17.255539143279172,1.5686115214180207
2026-09-01 23:20:00,2026-09-01 23:33:22,30.936062,75.863422,30.903339,75.818777,6.91,1,23,1,0,13.366666666666667,31.017456359102244,1.224563591022444
2026-09-02 04:41:00,2026-09-02 04:47:07,30.905354,75.815473,30.89683,75.85577,4.37,1,4,2,0,6.116666666666666,42.866485013623986,1.0
2026-09-01 18:18:00,2026-09-01 18:25:06,30.89723,75.848477,30.916097,75.861843,2.73,1,18,1,1,7.1,23.070422535211268,1.4232394366197183
2026-09-01 13:55:00,2026-09-01 14:03:16,30.856196,75.885928,30.871136,75.833162,5.71,1,13,1,0,8.266666666666667,41.44354838709677,1.0
2026-09-01 16:49:00,2026-09-01 16:59:43,30.871488,75.895083,30.938958,75.894358,8.0,1,16,1,0,10.716666666666667,44.7900466562986,1.0
2026-09-01 17:56:00,2026-09-01 18:34:26,30.853717,75.81382,30.897393,75.898222,10.29,1,17,1,1,38.43333333333333,16.064180398959234,1.598395490026019
2026-09-01 18:33:00,2026-09-01 18:53:19,30.93321,75.845342,30.928561,75.903748,6.05,1,18,1,1,20.316666666666666,17.867104183757178,1.5533223954060706
2026-09-01 18:47:00,2026-09-01 19:04:06,30.908759,75.870758,30.930791,75.846897,4.73,1,18,1,1,17.1,16.596491228070175,1.5850877192982455
2026-09-02 05:36:00,2026-09-02 05:47:37,30.930326,75.838976,30.936718,75.897914,6.22,1,5,2,0,11.616666666666667,32.12625538020086,1.1968436154949784
2026-09-01 20:46:00,2026-09-01 21:04:20,30.869422,75.896699,30.916429,75.82251,9.56,2,20,1,0,18.333333333333332,31.287272727272732,1.2178181818181817
2026-09-01 22:01:00,2026-09-01 22:06:16,30.93136,75.857821,30.947713,75.849076,3.48,1,22,1,0,5.266666666666667,39.64556962025316,1.008860759493671
2026-09-01 18:39:00,2026-09-01 19:05:36,30.939193,75.850049,30.867223,75.808561,9.84,2,18,1,1,26.6,22.19548872180451,1.4451127819548872
2026-09-01 18:58:00,2026-09-01 19:06:03,30.858941,75.88045,30.869741,75.893118,2.97,1,18,1,1,8.05,22.136645962732917,1.446583850931677
2026-09-02 01:52:00,2026-09-02 02:01:00,30.898117,75.889464,30.896927,75.84308,5.26,1,1,2,0,9.0,35.06666666666667,1.1233333333333333
2026-09-01 14:21:00,2026-09-01 14:35:58,30.922201,75.889898,30.861064,75.831287,9.17,1,14,1,0,14.966666666666667,36.761692650334076,1.0809576837416481
2026-09-02 05:29:00,2026-09-02 05:36:11,30.916115,75.869393,30.886237,75.891445,4.74,1,5,2,0,7.183333333333334,39.59164733178654,1.0102088167053365
2026-09-02 02:32:00,2026-09-02 02:37:08,30.918618,75.83981,30.919633,75.814264,2.86,1,2,2,0,5.133333333333334,33.42857142857142,1.1642857142857144
2026-09-01 11:06:00,2026-09-01 11:16:33,30.878928,75.871588,30.920415,75.858565,5.37,1,11,1,0,10.55,30.540284360189574,1.2364928909952606
2026-09-01 21:57:00,2026-09-01 22:04:20,30.916316,75.90113,30.93812,75.883906,4.15,2,21,1,0,7.333333333333333,33.95454545454546,1.1511363636363634
2026-09-02 02:44:00,2026-09-02 02:55:09,30.918073,75.863344,30.862099,75.852006,7.1,1,2,2,0,11.15,38.20627802690582,1.0448430493273544
2026-09-02 04:02:00,2026-09-02 04:14:53,30.94868,75.818372,30.893255,75.811502,7.35,2,4,2,0,12.883333333333333,34.23027166882277,1.1442432082794307
2026-09-02 05:06:00,2026-09-02 05:13:59,30.880222,75.898377,30.926396,75.887791,5.45,1,5,2,0,7.983333333333333,40.96033402922755,1.0
2026-09-01 18:58:00,2026-09-01 19:08:30,30.933939,75.835452,30.938275,75.818558,2.79,1,18,1,1,10.5,15.942857142857145,1.6014285714285714
2026-09-01 13:11:00,2026-09-01 13:16:51,30.85224,75.854177,30.881127,75.867136,4.02,1,13,1,0,5.85,41.23076923076923,1.0
2026-09-01 10:26:00,2026-09-01 10:44:48,30.941289,75.892526,30.91778,75.866622,4.95,1,10,1,1,18.8,15.797872340425531,1.6050531914893618
2026-09-01 18:30:00,2026-09-01 19:11:17,30.930458,75.810767,30.909281,75.906844,10.76,1,18,1,1,41.28333333333333,15.638272103350827,1.6090431974162294
2026-09-02 01:54:00,2026-09-02 02:08:34,30.910898,75.818793,30.860386,75.898263,10.49,1,1,2,0,14.566666666666666,43.20823798627002,1.0
2026-09-01 20:26:00,2026-09-01 20:30:44,30.902745,75.850343,30.882695,75.85076,3.43,1,20,1,0,4.733333333333333,43.47887323943662,1.0
2026-09-01 18:17:00,2026-09-01 18:21:31,30.911709,75.870431,30.91017,75.877563,1.21,1,18,1,1,4.516666666666667,16.073800738007378,1.5981549815498155
2026-09-01 18:09:00,2026-09-01 18:26:47,30.899767,75.872522,30.946053,75.867365,6.33,1,18,1,1,17.783333333333335,21.357075913776942,1.4660731021555764
2026-09-01 12:38:00,2026-09-01 12:43:42,30.876439,75.843485,30.898249,75.811865,4.25,1,12,1,0,5.7,44.73684210526316,1.0
2026-09-01 18:23:00,2026-09-01 18:31:24,30.899204,75.82691,30.912078,75.835368,2.11,1,18,1,1,8.4,15.07142857142857,1.6232142857142857
2026-09-01 19:43:00,2026-09-01 19:56:02,30.872907,75.810972,30.861803,75.841186,4.37,1,19,1,1,13.033333333333333,20.11764705882353,1.4970588235294118
2026-09-01 14:17:00,2026-09-01 14:32:52,30.944175,75.847002,30.859709,75.869007,9.96,2,14,1,0,15.866666666666667,37.663865546218496,1.0584033613445376
2026-09-01 15:28:00,2026-09-01 15:41:44,30.900355,75.877526,30.950282,75.820449,8.32,1,15,1,0,13.733333333333333,36.3495145631068,1.09126213592233
2026-09-02 04:55:00,2026-09-02 05:04:01,30.941761,75.878703,30.911791,75.838237,6.36,1,4,2,0,9.016666666666667,42.32162661737523,1.0
2026-09-01 22:28:00,2026-09-01 22:37:49,30.91464,75.812414,30.876761,75.813252,5.19,1,22,1,0,9.816666666666666,31.721561969439733,1.2069609507640067
2026-09-01 07:42:00,2026-09-01 07:51:28,30.896624,75.844205,30.863103,75.849195,4.93,1,7,1,0,9.466666666666667,31.246478873239436,1.218838028169014
2026-09-01 06:14:00,2026-09-01 06:21:44,30.945173,75.874157,30.918867,75.843492,5.1,2,6,1,0,7.733333333333333,39.56896551724138,1.0107758620689655
2026-09-01 07:35:00,2026-09-01 07:48:39,30.912257,75.89467,30.923397,75.819356,8.65,1,7,1,0,13.65,38.02197802197802,1.0494505494505495
2026-09-01 07:02:00,2026-09-01 07:09:49,30.852171,75.849503,30.880504,75.8559,4.15,1,7,1,0,7.816666666666666,31.855010660980813,1.2036247334754797
2026-09-01 16:19:00,2026-09-01 16:26:02,30.885317,75.880217,30.916229,75.89186,4.71,1,16,1,0,7.033333333333333,40.18009478672986,1.0
2026-09-02 02:34:00,2026-09-02 02:37:52,30.881631,75.886199,30.895642,75.887138,2.83,1,2,2,0,3.8666666666666667,43.91379310344828,1.0
2026-09-01 22:31:00,2026-09-01 22:33:54,30.882887,75.86552,30.888117,75.867407,1.73,1,22,1,0,2.9,35.793103448275865,1.1051724137931034
2026-09-01 06:36:00,2026-09-01 06:44:51,30.894053,75.821559,30.94001,75.841888,5.86,1,6,1,0,8.85,39.728813559322035,1.006779661016949
2026-09-01 20:32:00,2026-09-01 20:37:53,30.88506,75.814471,30.891963,75.838422,3.49,1,20,1,0,5.883333333333334,35.59206798866855,1.1101983002832863
2026-09-01 06:39:00,2026-09-01 06:47:27,30.949804,75.8527,30.919827,75.821355,5.3,3,6,1,0,8.45,37.63313609467456,1.059171597633136
2026-09-01 06:33:00,2026-09-01 06:41:03,30.889421,75.8112,30.854096,75.846099,5.55,1,6,1,0,8.05,41.366459627329185,1.0
2026-09-02 03:19:00,2026-09-02 03:22:59,30.879924,75.897308,30.862614,75.902892,2.6,1,3,2,0,3.9833333333333334,39.16317991631799,1.0209205020920502
2026-09-01 14:10:00,2026-09-01 14:12:40,30.949401,75.836141,30.947114,75.846248,1.7,1,14,1,0,2.6666666666666665,38.25,1.04375
2026-09-01 13:15:00,2026-09-01 13:22:46,30.906371,75.86147,30.92719,75.890665,4.39,1,13,1,0,7.766666666666667,33.91416309012875,1.1521459227467812
2026-09-01 14:20:00,2026-09-01 14:31:20,30.856765,75.841545,30.878025,75.903942,7.32,1,14,1,0,11.333333333333334,38.752941176470586,1.0311764705882354
2026-09-02 03:07:00,2026-09-02 03:12:37,30.895404,75.869923,30.89989,75.847478,3.69,1,3,2,0,5.616666666666666,39.418397626112764,1.014540059347181
2026-09-01 19:01:00,2026-09-01 19:14:03,30.913066,75.827431,30.890514,75.811246,3.76,3,19,1,1,13.05,17.28735632183908,1.567816091954023
2026-09-02 00:58:00,2026-09-02 01:06:59,30.941945,75.879514,30.904339,75.894297,4.78,1,0,2,0,8.983333333333333,31.925788497217074,1.2018552875695732
2026-09-02 05:32:00,2026-09-02 05:49:38,30.878577,75.895009,30.945404,75.82218,10.96,2,5,2,0,17.633333333333333,37.29300567107751,1.0676748582230622
2026-09-01 15:16:00,2026-09-01 15:23:51,30.909873,75.844833,30.879578,75.827622,4.93,1,15,1,0,7.85,37.681528662420384,1.0579617834394903
2026-09-02 00:20:00,2026-09-02 00:31:41,30.908728,75.893858,30.949074,75.848058,7.53,3,0,2,0,11.683333333333334,38.67047075606277,1.0332382310984307
2026-09-02 03:26:00,2026-09-02 03:43:51,30.871047,75.818226,30.936396,75.851215,9.21,2,3,2,0,17.85,30.95798319327731,1.2260504201680673
2026-09-01 17:26:00,2026-09-01 17:38:45,30.895832,75.858343,30.913659,75.899938,4.65,1,17,1,1,12.75,21.882352941176475,1.4529411764705882
2026-09-01 12:41:00,2026-09-01 12:52:02,30.920253,75.820744,30.88094,75.843172,6.1,3,12,1,0,11.033333333333333,33.17220543806646,1.1706948640483383
2026-09-01 06:20:00,2026-09-01 06:31:56,30.851886,75.907082,30.918682,75.890147,8.17,1,6,1,0,11.933333333333334,41.07821229050279,1.0
2026-09-02 00:23:00,2026-09-02 00:32:52,30.925048,75.821585,30.926343,75.884192,7.02,1,0,2,0,9.866666666666667,42.689189189189186,1.0
2026-09-01 07:35:00,2026-09-01 07:37:33,30.85986,75.856063,30.858765,75.848054,1.5,1,7,1,0,2.55,35.294117647058826,1.1176470588235294
2026-09-01 13:11:00,2026-09-01 13:28:25,30.931824,75.902069,30.858232,75.902812,9.05,1,13,1,0,17.416666666666668,31.177033492822968,1.2205741626794258
2026-09-01 13:05:00,2026-09-01 13:24:38,30.930452,75.878009,30.856023,75.81459,10.96,1,13,1,0,19.633333333333333,33.494057724957564,1.162648556876061
2026-09-01 17:26:00,2026-09-01 17:43:32,30.931348,75.900223,30.89151,75.897911,5.05,1,17,1,1,17.533333333333335,17.281368821292773,1.5679657794676807
2026-09-02 03:19:00,2026-09-02 03:30:36,30.948898,75.867649,30.886781,75.872082,7.27,1,3,2,0,11.6,37.603448275862064,1.0599137931034484
2026-09-01 23:08:00,2026-09-01 23:16:51,30.909586,75.869778,30.858178,75.875562,6.25,1,23,1,0,8.85,42.37288135593221,1.0
2026-09-01 17:55:00,2026-09-01 18:14:11,30.90625,75.859317,30.865288,75.884835,5.71,1,17,1,1,19.183333333333334,17.859252823631625,1.5535186794092093
2026-09-01 18:16:00,2026-09-01 18:27:46,30.913956,75.812733,30.925865,75.839059,3.03,1,18,1,1,11.766666666666667,15.450424929178467,1.6137393767705384
2026-09-01 23:46:00,2026-09-01 23:49:36,30.921698,75.813569,30.934934,75.807682,2.09,1,23,1,0,3.6,34.83333333333333,1.1291666666666669
2026-09-02 03:24:00,2026-09-02 03:34:50,30.887023,75.834339,30.935271,75.838635,6.6,2,3,2,0,10.833333333333334,36.55384615384615,1.0861538461538462
2026-09-01 15:18:00,2026-09-01 15:25:34,30.888732,75.903708,30.859929,75.876002,4.99,1,15,1,0,7.566666666666666,39.56828193832599,1.0107929515418503
2026-09-02 00:15:00,2026-09-02 00:29:26,30.851436,75.823995,30.922305,75.873939,10.65,1,0,2,0,14.433333333333334,44.27251732101617,1.0
2026-09-01 14:38:00,2026-09-01 14:48:24,30.880805,75.817836,30.929182,75.871715,7.69,1,14,1,0,10.4,44.36538461538461,1.0
2026-09-01 07:15:00,2026-09-01 07:19:46,30.894273,75.85307,30.871888,75.844171,3.31,1,7,1,0,4.766666666666667,41.66433566433567,1.0
2026-09-02 03:07:00,2026-09-02 03:21:08,30.933218,75.892335,30.872199,75.873035,7.83,1,3,2,0,14.133333333333333,33.24056603773585,1.1689858490566036
2026-09-01 13:34:00,2026-09-01 13:45:11,30.911775,75.83683,30.86466,75.872464,7.39,1,13,1,0,11.183333333333334,39.64828614008942,1.0087928464977645
2026-09-01 07:23:00,2026-09-01 07:28:19,30.922321,75.827222,30.940022,75.836041,2.81,1,7,1,0,5.316666666666666,31.711598746081506,1.2072100313479623
2026-09-01 06:27:00,2026-09-01 06:37:56,30.877759,75.890848,30.852469,75.845209,5.81,1,6,1,0,10.933333333333334,31.88414634146341,1.2028963414634148
2026-09-01 17:08:00,2026-09-01 17:13:03,30.900286,75.847729,30.904094,75.866813,2.08,1,17,1,1,5.05,24.712871287128714,1.382178217821782
2026-09-02 05:25:00,2026-09-02 05:35:09,30.918754,75.838486,30.928399,75.884592,5.4,1,5,2,0,10.15,31.921182266009854,1.2019704433497536
2026-09-01 13:02:00,2026-09-01 13:15:06,30.928016,75.888016,30.863021,75.833858,9.09,1,13,1,0,13.1,41.63358778625955,1.0
2026-09-02 05:22:00,2026-09-02 05:28:57,30.88581,75.844474,30.851135,75.83728,4.95,1,5,2,0,6.95,42.73381294964029,1.0
2026-09-01 13:16:00,2026-09-01 13:23:54,30.940856,75.88562,30.929038,75.8531,4.08,1,13,1,0,7.9,30.987341772151897,1.2253164556962026
2026-09-02 04:59:00,2026-09-02 05:06:55,30.87566,75.855708,30.925744,75.854681,5.84,1,4,2,0,7.916666666666667,44.26105263157895,1.0
2026-09-01 11:24:00,2026-09-01 11:33:23,30.950133,75.861748,30.947277,75.814861,5.15,1,11,1,0,9.383333333333333,32.93072824156306,1.1767317939609234
2026-09-01 21:15:00,2026-09-01 21:27:15,30.913241,75.885432,30.90883,75.821996,7.32,1,21,1,0,12.25,35.8530612244898,1.103673469387755
2026-09-02 03:21:00,2026-09-02 03:33:00,30.87699,75.841819,30.942749,75.83635,8.13,1,3,2,0,12.0,40.65,1.0
2026-09-02 04:59:00,2026-09-02 05:10:21,30.86573,75.808084,30.914092,75.852067,7.18,1,4,2,0,11.35,37.95594713656388,1.051101321585903
2026-09-01 17:01:00,2026-09-01 17:22:30,30.90106,75.875262,30.858624,75.83477,7.34,1,17,1,1,21.5,20.483720930232558,1.4879069767441861
2026-09-02 02:14:00,2026-09-02 02:20:21,30.85539,75.823875,30.895554,75.828219,4.74,1,2,2,0,6.35,44.787401574803155,1.0
2026-09-02 05:52:00,2026-09-02 05:55:58,30.936378,75.831498,30.947063,75.826993,2.7,4,5,2,0,3.966666666666667,40.840336134453786,1.0
2026-09-01 20:56:00,2026-09-01 21:01:05,30.907954,75.833254,30.8947,75.866656,3.8,1,20,1,0,5.083333333333333,44.852459016393446,1.0
2026-09-02 05:27:00,2026-09-02 05:30:48,30.93026,75.89809,30.94537,75.903314,2.63,1,5,2,0,3.8,41.526315789473685,1.0
2026-09-01 09:54:00,2026-09-01 10:04:48,30.89869,75.879133,30.875734,75.871362,3.72,1,9,1,1,10.8,20.666666666666664,1.4833333333333334
2026-09-01 11:29:00,2026-09-01 11:40:46,30.90089,75.80851,30.851904,75.843003,7.76,1,11,1,0,11.766666666666667,39.56940509915014,1.0107648725212466
2026-09-01 06:42:00,2026-09-01 06:56:53,30.883167,75.892104,30.923886,75.81684,9.23,1,6,1,0,14.883333333333333,37.20940649496081,1.0697648376259798
2026-09-01 07:04:00,2026-09-01 07:15:57,30.86285,75.836188,30.890784,75.899253,8.25,1,7,1,0,11.95,41.42259414225941,1.0
2026-09-01 14:34:00,2026-09-01 14:44:09,30.890246,75.882726,30.942843,75.902393,7.08,1,14,1,0,10.15,41.85221674876848,1.0
2026-09-02 04:02:00,2026-09-02 04:05:45,30.907407,75.843158,30.916663,75.83134,1.97,1,4,2,0,3.75,31.52,1.212
2026-09-01 12:46:00,2026-09-01 12:51:05,30.873085,75.811193,30.854602,75.824822,3.75,1,12,1,0,5.083333333333333,44.26229508196722,1.0
2026-09-01 14:28:00,2026-09-01 14:31:26,30.894661,75.865309,30.90267,75.883178,2.49,3,14,1,0,3.433333333333333,43.514563106796125,1.0
2026-09-01 10:54:00,2026-09-01 11:00:19,30.940256,75.849245,30.929037,75.854934,2.2,1,10,1,1,6.316666666666666,20.897097625329817,1.4775725593667546
2026-09-02 04:34:00,2026-09-02 04:46:34,30.884156,75.892803,30.871708,75.814416,7.88,1,4,2,0,12.566666666666666,37.62334217506631,1.0594164456233421
2026-09-01 21:42:00,2026-09-01 21:54:25,30.932088,75.890883,30.884219,75.876662,6.69,2,21,1,0,12.416666666666666,32.327516778523496,1.1918120805369126
2026-09-02 00:22:00,2026-09-02 00:28:02,30.904909,75.835547,30.893523,75.811057,3.02,1,0,2,0,6.033333333333333,30.03314917127072,1.249171270718232
2026-09-01 13:17:00,2026-09-01 13:27:30,30.903251,75.812763,30.948308,75.829913,5.86,1,13,1,0,10.5,33.48571428571429,1.1628571428571428
2026-09-02 02:21:00,2026-09-02 02:33:20,30.923934,75.903985,30.873429,75.873605,7.47,1,2,2,0,12.333333333333334,36.34054054054054,1.0914864864864866
2026-09-02 03:38:00,2026-09-02 03:49:34,30.88353,75.878562,30.932678,75.825461,8.12,4,3,2,0,11.566666666666666,42.12103746397694,1.0
2026-09-01 19:04:00,2026-09-01 19:13:19,30.926425,75.84662,30.910064,75.873401,3.43,1,19,1,1,9.316666666666666,22.08944543828265,1.4477638640429338
2026-09-01 20:26:00,2026-09-01 20:36:31,30.929063,75.865677,30.946222,75.811542,6.04,1,20,1,0,10.516666666666667,34.45958795562599,1.1385103011093503
2026-09-02 04:23:00,2026-09-02 04:30:39,30.926901,75.817552,30.902385,75.858189,5.41,1,4,2,0,7.65,42.431372549019606,1.0
2026-09-02 02:40:00,2026-09-02 02:47:37,30.922433,75.853472,30.943099,75.87676,4.34,1,2,2,0,7.616666666666666,34.18818380743983,1.1452954048140043
2026-09-01 22:49:00,2026-09-01 23:00:03,30.870524,75.841834,30.884561,75.905153,7.54,1,22,1,0,11.05,40.94117647058823,1.0
2026-09-01 23:37:00,2026-09-01 23:50:52,30.945709,75.856926,30.889052,75.823604,8.27,1,23,1,0,13.866666666666667,35.78365384615384,1.105408653846154
2026-09-01 11:38:00,2026-09-01 11:52:49,30.9349,75.808442,30.92137,75.904326,10.02,1,11,1,0,14.816666666666666,40.57592800899887,1.0
2026-09-02 02:42:00,2026-09-02 02:57:00,30.905643,75.904004,30.856167,75.85778,8.17,1,2,2,0,15.0,32.68,1.183
2026-09-01 13:26:00,2026-09-01 13:37:59,30.906271,75.846955,30.864172,75.89383,6.87,2,13,1,0,11.983333333333333,34.39777468706537,1.1400556328233657
2026-09-02 01:59:00,2026-09-02 02:07:07,30.91827,75.886968,30.876047,75.869787,5.91,1,1,2,0,8.116666666666667,43.687885010266946,1.0
2026-09-01 14:28:00,2026-09-01 14:32:56,30.918402,75.812484,30.905886,75.836063,3.24,1,14,1,0,4.933333333333334,39.4054054054054,1.0148648648648648
2026-09-01 16:23:00,2026-09-01 16:36:04,30.92427,75.847753,30.857835,75.885676,8.78,1,16,1,0,13.066666666666666,40.316326530612244,1.0
2026-09-01 21:10:00,2026-09-01 21:30:28,30.856659,75.844692,30.945445,75.871473,11.25,1,21,1,0,20.466666666666665,32.98045602605863,1.1754885993485342
2026-09-02 05:31:00,2026-09-02 05:43:07,30.926094,75.817437,30.878785,75.834932,6.27,1,5,2,0,12.116666666666667,31.048143053645113,1.223796423658872
2026-09-01 22:54:00,2026-09-01 23:04:54,30.868936,75.904368,30.86233,75.84766,6.61,1,22,1,0,10.9,36.38532110091743,1.0903669724770642
2026-09-01 12:53:00,2026-09-01 12:58:19,30.890761,75.833728,30.871533,75.855604,3.53,3,12,1,0,5.316666666666666,39.83699059561128,1.004075235109718
2026-09-01 08:12:00,2026-09-01 08:42:47,30.911364,75.814998,30.858558,75.902442,10.77,1,8,1,1,30.783333333333335,20.9918787222523,1.4752030319436926
2026-09-01 22:13:00,2026-09-01 22:28:04,30.91585,75.83404,30.852511,75.903802,10.2,1,22,1,0,15.066666666666666,40.61946902654867,1.0
2026-09-01 08:32:00,2026-09-01 09:00:42,30.882291,75.83441,30.910767,75.89391,7.92,3,8,1,1,28.7,16.557491289198605,1.5860627177700348
2026-09-01 22:19:00,2026-09-01 22:31:44,30.924654,75.895599,30.871263,75.866059,7.67,1,22,1,0,12.733333333333333,36.141361256544506,1.0964659685863873
2026-09-02 02:09:00,2026-09-02 02:22:52,30.909293,75.83261,30.896025,75.903058,7.59,1,2,2,0,13.866666666666667,32.84134615384615,1.1789663461538462
2026-09-01 23:57:00,2026-09-02 00:12:49,30.948701,75.817489,30.851832,75.850658,11.53,1,23,1,0,15.816666666666666,43.738672286617486,1.0
2026-09-01 20:43:00,2026-09-01 20:54:24,30.876871,75.85074,30.923345,75.808205,7.53,1,20,1,0,11.4,39.631578947368425,1.0092105263157893
2026-09-01 06:19:00,2026-09-01 06:37:49,30.922405,75.816439,30.870927,75.895047,10.58,1,6,1,0,18.816666666666666,33.736049601417186,1.1565987599645704
2026-09-01 20:33:00,2026-09-01 20:39:18,30.878081,75.832056,30.857253,75.853194,4.22,1,20,1,0,6.3,40.19047619047619,1.0
2026-09-01 19:03:00,2026-09-01 19:13:44,30.946149,75.891149,30.931509,75.889598,3.04,1,19,1,1,10.733333333333333,16.99378881987578,1.5751552795031056
2026-09-02 04:05:00,2026-09-02 04:16:37,30.925288,75.881092,30.903145,75.814146,7.52,1,4,2,0,11.616666666666667,38.840746054519364,1.0289813486370158
2026-09-01 16:54:00,2026-09-01 17:07:17,30.877885,75.844145,30.940535,75.873946,8.73,1,16,1,0,13.283333333333333,39.43287327478043,1.0141781681304893
2026-09-01 07:32:00,2026-09-01 07:39:06,30.921546,75.85006,30.895255,75.872232,5.02,1,7,1,0,7.1,42.4225352112676,1.0
2026-09-01 17:47:00,2026-09-01 17:59:39,30.895392,75.809491,30.881105,75.857563,5.12,1,17,1,1,12.65,24.284584980237153,1.392885375494071
2026-09-01 09:51:00,2026-09-01 09:59:42,30.927444,75.848267,30.916517,75.833324,2.28,1,9,1,1,8.7,15.724137931034482,1.6068965517241378
2026-09-01 12:56:00,2026-09-01 13:00:55,30.917422,75.895469,30.932413,75.875813,2.85,1,12,1,0,4.916666666666667,34.779661016949156,1.130508474576271
2026-09-02 00:56:00,2026-09-02 01:02:29,30.902501,75.860855,30.886689,75.842679,3.74,2,0,2,0,6.483333333333333,34.61182519280206,1.1347043701799486
2026-09-02 03:01:00,2026-09-02 03:16:45,30.946282,75.839974,30.886442,75.857863,8.28,1,3,2,0,15.75,31.542857142857137,1.2114285714285715
2026-09-02 02:06:00,2026-09-02 02:14:50,30.906337,75.857613,30.870386,75.893182,6.31,1,2,2,0,8.833333333333334,42.86037735849056,1.0
2026-09-01 22:39:00,2026-09-01 22:45:26,30.894921,75.868355,30.867037,75.874665,3.59,1,22,1,0,6.433333333333334,33.48186528497409,1.1629533678756476
2026-09-01 09:52:00,2026-09-01 10:30:27,30.867528,75.807499,30.922874,75.88054,10.15,1,9,1,1,38.45,15.838751625487646,1.6040312093628089
2026-09-01 11:20:00,2026-09-01 11:28:45,30.867575,75.896386,30.875154,75.842727,5.52,1,11,1,0,8.75,37.85142857142856,1.0537142857142858
2026-09-02 05:02:00,2026-09-02 05:06:18,30.875535,75.813073,30.890103,75.83072,2.82,1,5,2,0,4.3,39.348837209302324,1.016279069767442
2026-09-01 10:07:00,2026-09-01 10:19:02,30.892578,75.850194,30.905091,75.876943,4.01,1,10,1,1,12.033333333333333,19.994459833795013,1.5001385041551247
2026-09-01 08:48:00,2026-09-01 09:11:25,30.938053,75.870442,30.90425,75.818839,7.17,1,8,1,1,23.416666666666668,18.37153024911032,1.540711743772242
2026-09-01 18:11:00,2026-09-01 18:35:28,30.920207,75.827925,30.890186,75.896867,7.83,1,18,1,1,24.466666666666665,19.201634877384198,1.519959128065395
2026-09-01 22:31:00,2026-09-01 22:43:13,30.930276,75.814205,30.898426,75.863368,6.88,1,22,1,0,12.216666666666667,33.78990450204638,1.1552523874488405
2026-09-01 17:38:00,2026-09-01 17:52:02,30.923344,75.860866,30.934612,75.889439,4.29,1,17,1,1,14.033333333333333,18.34204275534442,1.5414489311163895
2026-09-01 07:49:00,2026-09-01 08:03:47,30.896129,75.825644,30.936497,75.895556,8.83,1,7,1,0,14.783333333333333,35.83765501691094,1.1040586245772266
2026-09-01 19:00:00,2026-09-01 19:29:07,30.941177,75.827647,30.857697,75.895035,11.98,1,19,1,1,29.116666666666667,24.68689181453921,1.3828277046365198
2026-09-02 05:55:00,2026-09-02 06:08:02,30.915832,75.814711,30.888547,75.887681,8.34,1,5,2,0,13.033333333333333,38.39386189258312,1.0401534526854221
2026-09-01 17:08:00,2026-09-01 17:18:24,30.873011,75.842352,30.888253,75.814171,3.85,1,17,1,1,10.4,22.21153846153846,1.4447115384615385
2026-09-01 06:07:00,2026-09-01 06:19:58,30.921877,75.808136,30.872767,75.873468,9.1,1,6,1,0,12.966666666666667,42.10796915167095,1.0
2026-09-02 00:02:00,2026-09-02 00:11:34,30.905842,75.813946,30.927652,75.865671,6.71,1,0,2,0,9.566666666666666,42.08362369337979,1.0
2026-09-01 10:40:00,2026-09-01 10:54:32,30.865032,75.874416,30.913047,75.881525,5.79,1,10,1,1,14.533333333333333,23.90366972477064,1.402408256880734
2026-09-01 19:53:00,2026-09-01 20:06:55,30.941823,75.883172,30.910716,75.872713,4.95,1,19,1,1,13.916666666666666,21.341317365269465,1.4664670658682635
2026-09-01 11:47:00,2026-09-01 11:57:49,30.898392,75.87894,30.878094,75.827525,6.0,1,11,1,0,10.816666666666666,33.281972265023114,1.1679506933744221
2026-09-01 15:11:00,2026-09-01 15:25:17,30.941784,75.858006,30.869792,75.814997,10.08,1,15,1,0,14.283333333333333,42.343057176196034,1.0
2026-09-01 21:16:00,2026-09-01 21:20:25,30.930624,75.834495,30.920236,75.833706,2.58,1,21,1,0,4.416666666666667,35.049056603773586,1.1237735849056603
2026-09-01 21:53:00,2026-09-01 21:55:11,30.870093,75.876764,30.872872,75.86683,1.54,1,21,1,0,2.183333333333333,42.320610687022906,1.0
2026-09-01 16:22:00,2026-09-01 16:40:53,30.927085,75.826072,30.859838,75.877195,9.59,1,16,1,0,18.883333333333333,30.471315092674313,1.2382171226831422
2026-09-01 22:00:00,2026-09-01 22:07:03,30.854368,75.895219,30.87534,75.863034,4.1,2,22,1,0,7.05,34.8936170212766,1.127659574468085
2026-09-02 02:16:00,2026-09-02 02:29:37,30.939812,75.839829,30.941096,75.906916,7.66,1,2,2,0,13.616666666666667,33.752753977968176,1.1561811505507955
2026-09-02 01:21:00,2026-09-02 01:37:26,30.857726,75.816792,30.950889,75.839964,11.75,4,1,2,0,16.433333333333334,42.900608519269774,1.0
2026-09-01 14:39:00,2026-09-01 14:42:18,30.87515,75.811335,30.892119,75.820308,2.3,1,14,1,0,3.3,41.81818181818181,1.0
2026-09-01 20:58:00,2026-09-01 21:08:38,30.882278,75.872734,30.874202,75.808738,7.35,1,20,1,0,10.633333333333333,41.473354231974916,1.0
2026-09-01 20:05:00,2026-09-01 20:11:45,30.934712,75.869253,30.90734,75.869761,4.36,4,20,1,0,6.75,38.75555555555556,1.031111111111111
2026-09-01 20:19:00,2026-09-01 20:20:41,30.926673,75.851529,30.92174,75.846223,1.24,2,20,1,0,1.6833333333333333,44.198019801980195,1.0
2026-09-01 21:35:00,2026-09-01 21:43:47,30.885191,75.860068,30.872164,75.906863,6.16,1,21,1,0,8.783333333333333,42.07969639468691,1.0
2026-09-01 14:57:00,2026-09-01 15:06:47,30.910316,75.812635,30.896476,75.874779,7.2,1,14,1,0,9.783333333333333,44.15672913117547,1.0
2026-09-01 09:44:00,2026-09-01 09:51:48,30.901036,75.876388,30.920714,75.872164,2.78,1,9,1,1,7.8,21.384615384615383,1.4653846153846155
2026-09-01 10:04:00,2026-09-01 10:21:15,30.868936,75.877814,30.896517,75.874076,4.37,1,10,1,1,17.25,15.200000000000001,1.6199999999999999
2026-09-01 18:51:00,2026-09-01 19:03:34,30.91197,75.877264,30.934815,75.887581,4.17,1,18,1,1,12.566666666666666,19.909814323607428,1.5022546419098144
2026-09-01 20:13:00,2026-09-01 20:20:43,30.866369,75.864561,30.878701,75.899431,4.55,1,20,1,0,7.716666666666667,35.377969762419,1.115550755939525
2026-09-02 03:11:00,2026-09-02 03:15:47,30.854174,75.849634,30.859457,75.867985,3.19,1,3,2,0,4.783333333333333,40.01393728222997,1.0
2026-09-02 01:15:00,2026-09-02 01:25:48,30.9373,75.895909,30.870665,75.881043,8.1,1,1,2,0,10.8,44.99999999999999,1.0
2026-09-01 07:29:00,2026-09-01 07:34:10,30.940737,75.869563,30.948338,75.853801,3.02,1,7,1,0,5.166666666666667,35.07096774193548,1.123225806451613
2026-09-01 15:15:00,2026-09-01 15:19:02,30.948534,75.888997,30.936255,75.901097,2.1,1,15,1,0,4.033333333333333,31.239669421487605,1.21900826446281
2026-09-01 09:32:00,2026-09-01 09:41:35,30.873937,75.854211,30.877856,75.817398,3.95,1,9,1,1,9.583333333333334,24.730434782608693,1.3817391304347826
2026-09-01 13:11:00,2026-09-01 13:27:07,30.947776,75.851274,30.878837,75.887129,9.0,1,13,1,0,16.116666666666667,33.50568769389865,1.1623578076525338
2026-09-02 01:24:00,2026-09-02 01:34:57,30.876646,75.842832,30.918399,75.813556,5.88,1,1,2,0,10.95,32.21917808219178,1.1945205479452055
2026-09-01 19:31:00,2026-09-01 19:56:34,30.937466,75.822793,30.859274,75.855754,9.82,1,19,1,1,25.566666666666666,23.045632333767927,1.4238591916558019
2026-09-01 17:42:00,2026-09-01 18:02:58,30.90907,75.857851,30.865408,75.8697,5.53,1,17,1,1,20.966666666666665,15.825119236883946,1.6043720190779014
2026-09-01 23:24:00,2026-09-01 23:32:36,30.881646,75.889538,30.856698,75.849161,5.53,1,23,1,0,8.6,38.58139534883721,1.0354651162790698
2026-09-02 05:44:00,2026-09-02 05:54:05,30.928705,75.89352,30.882388,75.861102,7.29,1,5,2,0,10.083333333333334,43.37851239669421,1.0
2026-09-02 02:07:00,2026-09-02 02:18:40,30.870517,75.856239,30.925164,75.856557,6.89,2,2,2,0,11.666666666666666,35.434285714285714,1.114142857142857
2026-09-01 10:42:00,2026-09-01 10:53:05,30.89168,75.840123,30.896399,75.883545,4.53,1,10,1,1,11.083333333333334,24.52330827067669,1.3869172932330827
2026-09-01 19:15:00,2026-09-01 19:20:01,30.907773,75.865231,30.899962,75.871775,1.57,1,19,1,1,5.016666666666667,18.777408637873755,1.5305647840531562
2026-09-01 10:23:00,2026-09-01 10:31:32,30.865122,75.864388,30.869527,75.835164,3.31,1,10,1,1,8.533333333333333,23.2734375,1.4181640625
2026-09-02 01:08:00,2026-09-02 01:24:02,30.943712,75.904293,30.908126,75.8216,9.5,1,1,2,0,16.033333333333335,35.55093555093555,1.1112266112266114
2026-09-01 11:17:00,2026-09-01 11:31:24,30.906678,75.891812,30.930593,75.824812,7.99,2,11,1,0,14.4,33.291666666666664,1.1677083333333333
2026-09-01 21:03:00,2026-09-01 21:14:06,30.875967,75.833625,30.851065,75.894367,7.64,1,21,1,0,11.1,41.2972972972973,1.0
2026-09-01 06:57:00,2026-09-01 07:06:50,30.896832,75.842422,30.860378,75.855913,5.64,1,6,1,0,9.833333333333334,34.4135593220339,1.1396610169491526
2026-09-01 09:42:00,2026-09-01 10:00:27,30.874815,75.898143,30.897807,75.85393,6.11,1,9,1,1,18.45,19.869918699186993,1.5032520325203251
2026-09-01 10:05:00,2026-09-01 10:33:41,30.910691,75.907256,30.927945,75.847087,7.32,1,10,1,1,28.683333333333334,15.312027890761186,1.6171993027309703
2026-09-01 18:01:00,2026-09-01 18:23:13,30.885041,75.858358,30.912513,75.898361,5.74,1,18,1,1,22.216666666666665,15.501875468867219,1.6124531132783195
2026-09-01 16:46:00,2026-09-01 16:53:49,30.906116,75.851118,30.934918,75.823368,4.38,1,16,1,0,7.816666666666666,33.620469083155655,1.1594882729211087
2026-09-01 15:06:00,2026-09-01 15:09:33,30.92346,75.818459,30.911832,75.835405,2.49,1,15,1,0,3.55,42.08450704225353,1.0
2026-09-01 19:34:00,2026-09-01 19:39:21,30.926077,75.819849,30.928277,75.830993,2.17,1,19,1,1,5.35,24.336448598130843,1.391588785046729
2026-09-01 11:37:00,2026-09-01 11:55:38,30.857617,75.809216,30.933686,75.859774,10.93,1,11,1,0,18.633333333333333,35.19499105545617,1.1201252236135957
2026-09-01 22:17:00,2026-09-01 22:25:21,30.947149,75.874087,30.944321,75.83385,4.84,1,22,1,0,8.35,34.778443113772454,1.1305389221556887
2026-09-02 05:07:00,2026-09-02 05:20:31,30.945716,75.895786,30.924907,75.835046,6.8,1,5,2,0,13.516666666666667,30.184956843403203,1.24537607891492
2026-09-01 07:53:00,2026-09-01 08:01:07,30.921625,75.869569,30.950011,75.838488,4.97,1,7,1,0,8.116666666666667,36.73921971252567,1.0815195071868584
2026-09-02 04:17:00,2026-09-02 04:35:49,30.885339,75.890757,30.944548,75.825873,9.71,1,4,2,0,18.816666666666666,30.96191319751993,1.2259521700620017
2026-09-01 18:02:00,2026-09-01 18:16:53,30.867279,75.866821,30.866047,75.904108,4.33,1,18,1,1,14.883333333333333,17.455767077267637,1.563605823068309
2026-09-02 01:37:00,2026-09-02 01:41:48,30.917191,75.882418,30.926387,75.865089,3.32,1,1,2,0,4.8,41.5,1.0
2026-09-02 03:13:00,2026-09-02 03:24:24,30.851688,75.828545,30.917352,75.84842,8.25,2,3,2,0,11.4,43.421052631578945,1.0
2026-09-01 14:12:00,2026-09-01 14:20:36,30.882388,75.876406,30.878163,75.826361,5.23,1,14,1,0,8.6,36.48837209302326,1.0877906976744185
2026-09-01 13:11:00,2026-09-01 13:21:55,30.862989,75.880793,30.904145,75.836095,7.09,1,13,1,0,10.916666666666666,38.96793893129771,1.0258015267175573
2026-09-01 23:35:00,2026-09-01 23:48:55,30.867441,75.818958,30.90567,75.897541,9.25,3,23,1,0,13.916666666666666,39.880239520958085,1.0029940119760479
2026-09-01 13:50:00,2026-09-01 13:58:41,30.933098,75.863961,30.916703,75.897139,4.37,1,13,1,0,8.683333333333334,30.1957773512476,1.24510556621881
2026-09-02 05:32:00,2026-09-02 05:40:17,30.931098,75.817745,30.908686,75.853698,4.59,1,5,2,0,8.283333333333333,33.247484909456745,1.1688128772635813
2026-09-01 08:28:00,2026-09-01 08:53:45,30.910485,75.881187,30.854244,75.873172,7.18,1,8,1,1,25.75,16.730097087378642,1.581747572815534
2026-09-02 05:16:00,2026-09-02 05:26:27,30.880636,75.901132,30.932874,75.905657,6.35,1,5,2,0,10.45,36.45933014354067,1.0885167464114833
2026-09-01 20:44:00,2026-09-01 20:59:15,30.856035,75.812577,30.920201,75.853093,8.6,1,20,1,0,15.25,33.83606557377049,1.1540983606557378
2026-09-01 14:42:00,2026-09-01 14:51:37,30.886921,75.889655,30.93307,75.855035,6.75,1,14,1,0,9.616666666666667,42.11438474870017,1.0
2026-09-01 11:18:00,2026-09-01 11:28:08,30.871906,75.815769,30.897669,75.855513,6.04,1,11,1,0,10.133333333333333,35.76315789473684,1.105921052631579
2026-09-01 08:50:00,2026-09-01 09:03:38,30.933362,75.845761,30.896912,75.837629,5.53,1,8,1,1,13.633333333333333,24.337408312958438,1.391564792176039
2026-09-01 21:45:00,2026-09-01 21:50:25,30.904157,75.810566,30.89856,75.848075,4.04,1,21,1,0,5.416666666666667,44.75076923076923,1.0
2026-09-02 04:31:00,2026-09-02 04:37:30,30.922475,75.814145,30.892767,75.818936,4.33,1,4,2,0,6.5,39.96923076923077,1.0007692307692309
2026-09-01 20:41:00,2026-09-01 20:47:45,30.886467,75.862366,30.891321,75.890664,4.01,1,20,1,0,6.75,35.64444444444444,1.108888888888889
2026-09-01 07:40:00,2026-09-01 07:49:24,30.861587,75.84279,30.892317,75.874882,5.64,1,7,1,0,9.4,35.99999999999999,1.1
2026-09-02 03:06:00,2026-09-02 03:13:03,30.866681,75.89003,30.855192,75.849218,4.51,1,3,2,0,7.05,38.38297872340426,1.0404255319148936
2026-09-02 04:25:00,2026-09-02 04:36:28,30.901243,75.880449,30.946812,75.829345,8.37,1,4,2,0,11.466666666666667,43.79651162790697,1.0
2026-09-01 16:16:00,2026-09-01 16:20:15,30.913982,75.847621,30.92624,75.860429,2.91,1,16,1,0,4.25,41.082352941176474,1.0
2026-09-01 15:05:00,2026-09-01 15:12:02,30.865644,75.890593,30.90503,75.891767,5.13,1,15,1,0,7.033333333333333,43.76303317535545,1.0
2026-09-01 13:48:00,2026-09-01 13:57:45,30.935421,75.855702,30.90241,75.838147,4.97,1,13,1,0,9.75,30.584615384615383,1.2353846153846155
2026-09-01 14:17:00,2026-09-01 14:36:42,30.851638,75.905135,30.947575,75.846816,13.16,1,14,1,0,19.7,40.08121827411168,1.0
2026-09-01 06:37:00,2026-09-01 06:42:41,30.945676,75.847321,30.92933,75.833893,3.71,1,6,1,0,5.683333333333334,39.16715542521994,1.0208211143695016
2026-09-01 11:20:00,2026-09-01 11:26:40,30.919805,75.819339,30.944853,75.825418,3.85,1,11,1,0,6.666666666666667,34.65,1.13375
2026-09-02 03:33:00,2026-09-02 03:42:19,30.892719,75.823323,30.868094,75.849114,4.86,1,3,2,0,9.316666666666666,31.298747763864046,1.2175313059033988
2026-09-01 11:36:00,2026-09-01 11:53:20,30.861025,75.808959,30.917172,75.867545,8.78,1,11,1,0,17.333333333333332,30.392307692307693,1.2401923076923076
2026-09-01 16:04:00,2026-09-01 16:27:49,30.948469,75.820846,30.874148,75.894141,12.21,1,16,1,0,23.816666666666666,30.759972008397483,1.2310006997900629
2026-09-02 00:53:00,2026-09-02 01:04:19,30.908395,75.84659,30.853865,75.865625,6.53,1,0,2,0,11.316666666666666,34.62150220913107,1.134462444771723
2026-09-01 23:01:00,2026-09-01 23:09:54,30.909835,75.847068,30.94838,75.86172,5.06,2,23,1,0,8.9,34.11235955056179,1.1471910112359551
2026-09-02 01:20:00,2026-09-02 01:29:06,30.888472,75.862287,30.856057,75.849912,5.07,1,1,2,0,9.1,33.42857142857143,1.1642857142857141
2026-09-02 02:53:00,2026-09-02 03:11:56,30.932731,75.90034,30.860536,75.852306,9.87,1,2,2,0,18.933333333333334,31.278169014084508,1.2180457746478872
2026-09-01 15:28:00,2026-09-01 15:36:26,30.926247,75.812429,30.900254,75.851511,5.34,1,15,1,0,8.433333333333334,37.99209486166007,1.0501976284584982
